Workbook

Sheet Products
A1: Product Sheet
A2: Product ID | B2: Product | C2: Price | D2: Order Status | E2: Total Quantity Sold | G2: Questions
A3: 101 | B3: Product A | C3: 120 | D3: =IF(ISNA(VLOOKUP(A3,orders!B:B,1,FALSE)),"Not Ordered","Ordered") -> Ordered | E3: =SUMIF(orders!B:B,A3,orders!C:C) -> 2 | G3: 1 | H3: Use VLOOKUP to find the product names for each ProductID in the Orders worksheet.
A4: 102 | B4: Product B | C4: 150 | D4: =IF(ISNA(VLOOKUP(A4,orders!B:B,1,FALSE)),"Not Ordered","Ordered") -> Ordered | E4: =SUMIF(orders!B:B,A4,orders!C:C) -> 5 | G4: 2 | H4: Use VLOOKUP to find the price for each ProductID in the Orders worksheet, then calculate the TotalPrice by multiplying the Quantity by the Product Price.
A5: 103 | B5: Product C | C5: 200 | D5: =IF(ISNA(VLOOKUP(A5,orders!B:B,1,FALSE)),"Not Ordered","Ordered") -> Ordered | E5: =SUMIF(orders!B:B,A5,orders!C:C) -> 1 | G5: 3 | H5: Use VLOOKUP to check if there are any ProductIDs in the Orders worksheet that do not exist in the Products worksheet.
A6: 104 | B6: Product D | C6: 90 | D6: =IF(ISNA(VLOOKUP(A6,orders!B:B,1,FALSE)),"Not Ordered","Ordered") -> Ordered | E6: =SUMIF(orders!B:B,A6,orders!C:C) -> 6 | G6: 4 | H6: Assume a discount of 10% is given on all products. Use VLOOKUP to find the original price and then calculate the discounted price.
A7: 105 | B7: Product E | C7: 220 | D7: =IF(ISNA(VLOOKUP(A7,orders!B:B,1,FALSE)),"Not Ordered","Ordered") -> Ordered | E7: =SUMIF(orders!B:B,A7,orders!C:C) -> 4 | G7: 5 | H7: Use VLOOKUP to find the price for each ProductID and then calculate the order value. Find the maximum order value from the list.
A8: 106 | B8: Product F | C8: 130 | D8: =IF(ISNA(VLOOKUP(A8,orders!B:B,1,FALSE)),"Not Ordered","Ordered") -> Ordered | E8: =SUMIF(orders!B:B,A8,orders!C:C) -> 3 | G8: 6 | H8: Use VLOOKUP to find out which products from the Products worksheet have not been ordered.
G9: 7 | H9: Use VLOOKUP to find the Product name and summarize the total quantity sold for each product.

Sheet orders
A1: Order Sheet
A2: Orser Id | B2: Product ID | C2: Quantity | D2: Product Name | E2: Price | F2: Total Price | G2: Check | H2: Discount Price
A3: 1 | B3: 101 | C3: 2 | D3: =VLOOKUP(B3,Products!A:C,2,FALSE) -> Product A | E3: =VLOOKUP(B3,Products!A:C,3,FALSE) -> 120 | F3: =C3*E3 -> 240 | G3: =IF(ISNA(VLOOKUP(B3,Products!A:A,1,FALSE)),"Not Exists","Exists") -> Exists | H3: =VLOOKUP(B3,Products!A:C,3,FALSE)*90% -> 108 | J3: Maximum order Value | M3: =MAX(F3:F8) -> 880
A4: 2 | B4: 103 | C4: 1 | D4: =VLOOKUP(B4,Products!A:C,2,FALSE) -> Product C | E4: =VLOOKUP(B4,Products!A:C,3,FALSE) -> 200 | F4: =C4*E4 -> 200 | G4: =IF(ISNA(VLOOKUP(B4,Products!A:A,1,FALSE)),"Not Exists","Exists") -> Exists | H4: =VLOOKUP(B4,Products!A:C,3,FALSE)*90% -> 180
A5: 3 | B5: 105 | C5: 4 | D5: =VLOOKUP(B5,Products!A:C,2,FALSE) -> Product E | E5: =VLOOKUP(B5,Products!A:C,3,FALSE) -> 220 | F5: =C5*E5 -> 880 | G5: =IF(ISNA(VLOOKUP(B5,Products!A:A,1,FALSE)),"Not Exists","Exists") -> Exists | H5: =VLOOKUP(B5,Products!A:C,3,FALSE)*90% -> 198
A6: 4 | B6: 106 | C6: 3 | D6: =VLOOKUP(B6,Products!A:C,2,FALSE) -> Product F | E6: =VLOOKUP(B6,Products!A:C,3,FALSE) -> 130 | F6: =C6*E6 -> 390 | G6: =IF(ISNA(VLOOKUP(B6,Products!A:A,1,FALSE)),"Not Exists","Exists") -> Exists | H6: =VLOOKUP(B6,Products!A:C,3,FALSE)*90% -> 117
A7: 5 | B7: 102 | C7: 5 | D7: =VLOOKUP(B7,Products!A:C,2,FALSE) -> Product B | E7: =VLOOKUP(B7,Products!A:C,3,FALSE) -> 150 | F7: =C7*E7 -> 750 | G7: =IF(ISNA(VLOOKUP(B7,Products!A:A,1,FALSE)),"Not Exists","Exists") -> Exists | H7: =VLOOKUP(B7,Products!A:C,3,FALSE)*90% -> 135
A8: 6 | B8: 104 | C8: 6 | D8: =VLOOKUP(B8,Products!A:C,2,FALSE) -> Product D | E8: =VLOOKUP(B8,Products!A:C,3,FALSE) -> 90 | F8: =C8*E8 -> 540 | G8: =IF(ISNA(VLOOKUP(B8,Products!A:A,1,FALSE)),"Not Exists","Exists") -> Exists | H8: =VLOOKUP(B8,Products!A:C,3,FALSE)*90% -> 81
